{
  "1": "آ",
  "2": "ـآ",
  "3": "ا",
  "4": "ـا",
  "5": "ب",
  "6": "ـب",
  "7": "بـ",
  "8": "پ",
  "9": "ـپ",
  "10": "پـ",
  "11": "ت",
  "12": "ـت",
  "13": "تـ",
  "14": "ث",
  "15": "ـث",
  "16": "ثـ",
  "17": "ج",
  "18": "ـج",
  "19": "جـ",
  "20": "چ",
  "21": "ـچ",
  "22": "چـ",
  "23": "ح",
  "24": "ـح",
  "25": "حـ",
  "26": "خ",
  "27": "ـخ",
  "28": "خـ",
  "29": "د",
  "30": "ـد",
  "31": "ذ",
  "32": "ـذ",
  "33": "ر",
  "34": "ـر",
  "35": "ز",
  "36": "ـز",
  "37": "ژ",
  "38": "ـژ",
  "39": "س",
  "40": "ـس",
  "41": "سـ",
  "42": "ش",
  "43": "ـش",
  "44": "شـ",
  "45": "ص",
  "46": "ـص",
  "47": "صـ",
  "48": "ض",
  "49": "ـض",
  "50": "ضـ",
  "51": "ط",
  "52": "ـط",
  "53": "طـ",
  "54": "ظ",
  "55": "ـظ",
  "56": "ظـ",
  "57": "ع",
  "58": "ـع",
  "59": "عـ",
  "60": "غ",
  "61": "ـغ",
  "62": "غـ",
  "63": "ف",
  "64": "ـف",
  "65": "فـ",
  "66": "ق",
  "67": "ـق",
  "68": "قـ",
  "69": "ک",
  "70": "ـک",
  "71": "کـ",
  "72": "گ",
  "73": "ـگ",
  "74": "گـ",
  "75": "ل",
  "76": "ـل",
  "77": "لـ",
  "78": "م",
  "79": "ـم",
  "80": "مـ",
  "81": "ن",
  "82": "ـن",
  "83": "نـ",
  "84": "و",
  "85": "ـو",
  "86": "ه",
  "87": "ـه",
  "88": "هـ",
  "89": "ی",
  "90": "ـی",
  "91": "یـ",
  "92": "۰",
  "93": "١",
  "94": "۲",
  "95": "۳",
  "96": "۴",
  "97": "۵",
  "98": "۶",
  "99": "۷",
  "100": "۸",
  "101": "۹"
}
